Skip to Content AZ Index Texas A&M University Catalogs Search Menu x Close Menu Undergraduate Graduate and Professional Archives Print Options Search catalog Search Close Search Home› Graduate and Professional Catalog› Colleges, Schools and Interdisciplinary Degree Programs› School of Medicine 2022-2023 Edition 2022-2023 Edition Undergraduate CatalogToggle Undergraduate Catalog University Academic Calendars Board of Regents and Administrative Officers General InformationToggle General Information History and Development University Core Curriculum Student Learning Outcomes Degree and Program InformationToggle Degree and Program Information Cultural Discourse Requirements International and Cultural Diversity Requirements Admission Registration and Academic Status Grading System Housing Orientation Student Success Services for Students Campus Life Tuition, Fees and Other Financial InformationToggle Tuition, Fees and Other Financial Information Financial Assistance and Scholarships University Policies International Opportunities for Students Honors and Undergraduate Research Interdisciplinary ProgramsToggle Interdisciplinary Programs Entrepreneurship - Minor Leadership - Minor Neuroscience - Minor College of Agriculture and Life SciencesToggle College of Agriculture and Life Sciences Interdepartmental Degree ProgramsToggle Interdepartmental Degree Programs Renewable Natural Resources - BS Agricultural EconomicsToggle Agricultural Economics Agribusiness - BS Agricultural Economics - BS, Finance and Real Estate Option Agricultural Economics - BS, Food Marketing Systems Option Agricultural Economics - BS, Policy and Economic Analysis Option Agricultural Economics - BS, Rural Entrepreneurship Option Agricultural Economics - BS/MPS, 3+2 Program Agricultural Leadership, Education, and CommunicationsToggle Agricultural Leadership, Education, and Communications Agricultural Communications and Journalism - BS Agricultural Leadership and Development - BS Agricultural Science - BS Animal ScienceToggle Animal Science Animal Science - BS, Production/Industry Option Animal Science - BS, Science Option Biochemistry and BiophysicsToggle Biochemistry and Biophysics Biochemistry - BS Genetics - BS Biological and Agricultural EngineeringToggle Biological and Agricultural Engineering Agricultural Systems Management - BS Biological and Agricultural Engineering - BS Ecology and Conservation BiologyToggle Ecology and Conservation Biology Ecological Restoration - BS Ecology and Conservation Biology - BS, Ecoinformatics Track Ecology and Conservation Biology - BS, Ecology and Conservation Biology Track Ecology and Conservation Biology - BS, Forest Resources Track Ecology and Conservation Biology - BS, Vertebrate Zoology Track Forestry - BS Spatial Sciences - BS EntomologyToggle Entomology Entomology - BS Forensic and Investigative Sciences - BS, Pre-Law Emphasis Forensic and Investigative Sciences - BS, Science Emphasis Food Science and TechnologyToggle Food Science and Technology Food Science and Technology - BS, Food Industry Option Food Science and Technology - BS, Food Science Option Food Systems Industry Management - BS Horticultural SciencesToggle Horticultural Sciences Horticulture - BA Horticulture - BS NutritionToggle Nutrition Nutrition - BS, Didactic Program in Dietetics Track Nutrition - BS, General Nutrition Track Nutrition - BS, Molecular and Experimental Track Plant Pathology and MicrobiologyToggle Plant Pathology and Microbiology Bioenvironmental Sciences - BS Poultry ScienceToggle Poultry Science Poultry Science - BS, Industry Emphasis Poultry Science - BS, Technical Emphasis Rangeland, Wildlife, and Fisheries ManagementToggle Rangeland, Wildlife, and Fisheries Management Rangeland Ecology and Management - BS, Ranch Management Option Rangeland Ecology and Management - BS, Rangeland Resources Option Rangeland, Wildlife and Fisheries Management - BS, Aquaculture and Fisheries Management Track Rangeland, Wildlife and Fisheries Management - BS, Natural Resources Management and Policy Track Rangeland, Wildlife and Fisheries Management - BS, Rangeland Management Track Rangeland, Wildlife and Fisheries Management - BS, Wildlife Management Track Rangeland, Wildlife and Fisheries Management - BS/MPS, 3+2 Program Wildlife and Fisheries Sciences - BS, Fisheries, Aquaculture and Aquatic Sciences Track Wildlife and Fisheries Sciences - BS, Vertebrate Zoology Option Wildlife and Fisheries Sciences - BS, Wildlife Ecology and Conservation Option Recreation, Park and Tourism SciencesToggle Recreation, Park and Tourism Sciences Recreation, Park and Tourism Sciences - BS with Certificate Soil and Crop SciencesToggle Soil and Crop Sciences Plant and Environmental Soil Science - BS, Crops Emphasis Plant and Environmental Soil Science - BS, Soil and Water Emphasis Turfgrass Science - BS School of ArchitectureToggle School of Architecture ArchitectureToggle Architecture Environmental Design Architectural Studies - BED Construction ScienceToggle Construction Science Construction Science - BS Landscape Architecture and Urban PlanningToggle Landscape Architecture and Urban Planning Landscape Architecture - BLA Urban and Regional Planning - BS, Urban Design Track Urban and Regional Planning - BS, Urban Policy Track Urban and Regional Planning - BS/MLP, 3+2 Program Urban and Regional Planning - BS/MUP, 3+2 Program College of Arts and SciencesToggle College of Arts and Sciences Biomedical Sciences - BS Environmental Geoscience - BS/MOS, 3+2 Program Environmental Geoscience - BS/MWM, 3+2 Program Environmental Studies - BS, Agriculture Environmental Studies - BS, Geosciences Neuroscience - BS, Behavioral and Cognitive Neuroscience Neuroscience - BS, Molecular and Cellular Neuroscience Neuroscience - BS, Translational and Preclinical Neuroscience Track AnthropologyToggle Anthropology Anthropology - BA Anthropology - BA, Archaeology Track Anthropology - BS Atmospheric SciencesToggle Atmospheric Sciences Meteorology - BS Meteorology - BS/MOS, 3+2 Program BiologyToggle Biology Biology - BA Biology - BS Microbiology - BS Molecular and Cell Biology - BS Zoology - BS ChemistryToggle Chemistry Chemistry - BA Chemistry - BA, Biological Chemistry or Medical, Dental, Pharmacy School Track Chemistry - BA, Chemical Education Track Chemistry - BA, Environmental Chemistry Track Chemistry - BS Chemistry - BS, Biological-Chemistry Track Chemistry - BS, Environmental Chemistry Track Chemistry - BS, Materials Chemistry Track Communication and JournalismToggle Communication and Journalism Communication - BA Communication - BA/MA, 3+2 Program Communication - BS Communication - BS/MS, 3+2 Program Telecommunication Media Studies - BA Telecommunication Media Studies - BA/MA, 3+2 Program Telecommunication Media Studies - BS Telecommunication Media Studies - BS/MA, 3+2 Program EconomicsToggle Economics Economics - BA Economics - BA/MIA, 3+2 Program Economics - BA/MPS, 3+2 Program Economics - BA/MS, 3+2 Program Economics - BS Economics - BS/MIA, 3+2 Program Economics - BS/MPS, 3+2 Program Economics - BS/MS, 3+2 Program EnglishToggle English English - BA English - BA, Middle School Teacher Certification English - BA/MA, 3+2 Program GeographyToggle Geography Environmental Geoscience - BS Geographic Information Science and Technology - BS Geographic Information Science and Technology - BS/MS, 3+2 Program Geography - BS Geography - BS/MGS, 3+2 Program Geography - BS/MS, 3+2 Program Geology and GeophysicsToggle Geology and Geophysics Geology - BA Geology - BS Geology - BS/MOS, 3+2 Program Geology - BS/MS, 3+2 Program Geophysics - BS Geophysics - BS/MS, 3+2 Program Global Languages and CulturesToggle Global Languages and Cultures Classics - BA, Classical Civilization Track Classics - BA, Language and Literature Track International Studies - BA, Environmental Studies Track International Studies - BA, Global Cultural Studies Track International Studies - BA, International Commerce Track International Studies - BA, International Communication and Media Track International Studies - BA, International Geographic Information Systems Track Modern Languages - BA, French Option Modern Languages - BA, German Option Modern Languages - BA, Russian Option Spanish - BA HistoryToggle History History - BA History - BS MathematicsToggle Mathematics Applied Mathematical Sciences - BS, Actuarial Science Emphasis Applied Mathematical Sciences - BS, Biological Science Emphasis Applied Mathematical Sciences - BS, Computational Science Emphasis Applied Mathematical Sciences - BS, Cryptography Emphasis Applied Mathematical Sciences - BS, Economics Emphasis Applied Mathematical Sciences - BS, Math Emphasis Applied Mathematical Sciences - BS, Statistics Emphasis Applied Mathematical Sciences - BS/MS, 3+2 Program Mathematics - BA Mathematics - BA/MS, 3+2 Program Mathematics - BS Mathematics - BS/MS, 3+2 Program OceanographyToggle Oceanography Oceanography - BS Oceanography - BS/MGS, 3+2 Program Oceanography - BS/MOS, 3+2 Program Philosophy and HumanitiesToggle Philosophy and Humanities Philosophy - BA Philosophy - BA/MA, 3+2 Program Physics and AstronomyToggle Physics and Astronomy Physics - BA Physics - BS Physics - BS, Astrophysics Track Physics - BS, Business Track Physics - BS, Computational Science Track Physics - BS, Materials Physics Track Physics - BS, Physical Science Teaching Track Physics - BS, Physics and Mathematics Teaching Track Psychological and Brain SciencesToggle Psychological and Brain Sciences Neuroscience - BS, Behavioral and Cognitive Neuroscience Psychology - BA Psychology - BS SociologyToggle Sociology Sociology - BA Sociology - BA/MPS, 3+2 Program Sociology - BS Sociology - BS/MPS, 3+2 Program Women's and Gender Studies - BA Women's and Gender Studies - BS StatisticsToggle Statistics Statistics - BS Statistics - BS/MS, 3+2 Program Transition Academic Programs University StudiesToggle University Studies University Studies - BA, Journalism Studies Concentration University Studies - BA, Race, Gender, Ethnicity Concentration University Studies - BA, Religious Thought, Practices and Cultures Concentration University Studies - BA, Society, Ethics and Law Concentration University Studies - BS, Arts and Sciences Concentration University Studies - BS, BioInformatics Concentration University Studies - BS, Biomedical Sciences Concentration University Studies - BS, Business Concentration University Studies - BS, Child Professional Services Concentration University Studies - BS, Dance Concentration University Studies - BS, Geographic Information Science and Technology Concentration University Studies - BS, Geography Concentration University Studies - BS, Global Arts, Planning, Design and Construction Concentration University Studies - BS, Leadership Studies Concentration University Studies - BS, Liberal Arts Concentration University Studies - BS, Mathematics for Business Concentration University Studies - BS, Mathematics for Pre-Professionals Concentration University Studies - BS, Mathematics for Teaching Concentration University Studies - BS, Race, Gender, Ethnicity Concentration University Studies - BS, Science for Secondary Teaching Concentration University Studies -Journalism Studies Concentration BA/MA Communication, 3+2 Program Mays Business SchoolToggle Mays Business School Business Honors - BBA AccountingToggle Accounting Accounting - BBA Accounting - BBA/MFM, 3+2 Program Accounting- BBA/MS, 3+2 Program FinanceToggle Finance Finance - BBA Information and Operations ManagementToggle Information and Operations Management Management Information Systems - BBA Supply Chain Management - BBA ManagementToggle Management Management - BBA, Consulting/General Management Track Management - BBA, Entrepreneurial Leadership Track Management - BBA, Human Resource Management Track Management - BBA, Pre-Law Track MarketingToggle Marketing Marketing - BBA, Advertising Strategy Track Marketing - BBA, Analytics and Consulting Track Marketing - BBA, Healthcare Marketing Track Marketing - BBA, Professional Selling and Sales Management Track Marketing - BBA, Strategic Retailing Track School of DentistryToggle School of Dentistry Dental HygieneToggle Dental Hygiene Dental Hygiene - BS School of Education and Human DevelopmentToggle School of Education and Human Development Educational Administration and Human Resource DevelopmentToggle Educational Administration and Human Resource Development Human Resource Development - BS Educational PsychologyToggle Educational Psychology Education - BS, Bilingual Education EC-6 Education - BS, Special Education EC-12 Kinesiology and Sport ManagementToggle Kinesiology and Sport Management Kinesiology - BS, Exercise and Sport Science Track Kinesiology - BS, Exercise Science Track, Applied Exercise Physiology Concentration Kinesiology - BS, Exercise Science Track, Basic Exercise Physiology Concentration Kinesiology - BS, Exercise Science Track, Motor Behavior Concentration Kinesiology - BS/MS, 3+2 Program Sport Management - BS Teaching, Learning and CultureToggle Teaching, Learning and Culture Education - BS, Early Childhood-3 Certification Education - BS, English Language Arts/Social Studies, Middle Grades Certification Education - BS, Math/Science, Middle Grades Certification Education - BS, Pre-K-6, Generalist Certification College of EngineeringToggle College of Engineering Biological and Agricultural Engineering - BS Aerospace EngineeringToggle Aerospace Engineering Aerospace Engineering - BS Biomedical EngineeringToggle Biomedical Engineering Biomedical Engineering - BS Chemical EngineeringToggle Chemical Engineering Chemical Engineering - BS Civil and Environmental EngineeringToggle Civil and Environmental Engineering Civil Engineering - BS, Coastal and Ocean Engineering Track Civil Engineering - BS, Construction Engineering and Management Track Civil Engineering - BS, Environmental Engineering Track Civil Engineering - BS, General Civil Engineering Track Civil Engineering - BS, Geotechnical Engineering Track Civil Engineering - BS, Structural Engineering Track Civil Engineering - BS, Transportation and Infrastructure Materials Engineering Track Civil Engineering - BS, Water Resources Engineering Track Environmental Engineering - BS Computer Science and EngineeringToggle Computer Science and Engineering Computer Engineering - BS Computer Science - BS Computing - BA Electrical and Computer EngineeringToggle Electrical and Computer Engineering Computer Engineering - BS Electrical Engineering - BS Engineering Technology and Industrial DistributionToggle Engineering Technology and Industrial Distribution Electronic Systems Engineering Technology - BS Industrial Distribution - BS Manufacturing and Mechanical Engineering Technology - BS Multidisciplinary Engineering Technology - BS, Electro Marine Engineering Technology Track Technology Management - BS Industrial and Systems EngineeringToggle Industrial and Systems Engineering Industrial Engineering - BS Industrial Engineering - BS/MPH, 3+2 Program Industrial Engineering - BS/MS, 3+2 Program Materials Science and EngineeringToggle Materials Science and Engineering Materials Science and Engineering - BS Mechanical EngineeringToggle Mechanical Engineering Mechanical Engineering - BS Multidisciplinary EngineeringToggle Multidisciplinary Engineering Architectural Engineering - BS, Mechanical Systems for Buildings Track Architectural Engineering - BS, Structural Systems for Buildings Track Interdisciplinary Engineering - BS Interdisciplinary Engineering - BS/MPH, 3+2 Program Interdisciplinary Engineering - BS/JD, 3+3 Program Nuclear EngineeringToggle Nuclear Engineering Nuclear Engineering - BS Ocean EngineeringToggle Ocean Engineering Ocean Engineering - BS Petroleum EngineeringToggle Petroleum Engineering Petroleum Engineering - BS Bush School of Government and Public ServiceToggle Bush School of Government and Public Service International AffairsToggle International Affairs International Studies - BA, International Politics and Diplomacy Track International Studies - BA/MIA, 3+2 Program Political ScienceToggle Political Science Political Science - BA Political Science - BA/MPS, 3+2 Program Political Science - BS Political Science - BS/MPS, 3+2 Program School of NursingToggle School of Nursing Nursing - BSN, RN to BSN Track Nursing - BSN, Second Degree BSN Track Nursing - BSN, Traditional BSN School of Performance, Visualization and Fine ArtsToggle School of Performance, Visualization and Fine Arts Kinesiology - BS, Dance Science Track Performance Studies - BA Performance Studies - BA/MA, 3+2 Program Visualization - BS School of Public HealthToggle School of Public Health Public Health - BS Public Health - BS/Epidemiology - MPH, 3+2 Program Public Health - BS/Occupational Safety and Health - MPH, 3+2 Program Public Health - BS/Health Policy and Management - PMH, 3+2 Program Public Health - BS/Health Promotion and Community Health Sciences - MPH, 3+2 Program Health BehaviorToggle Health Behavior Community Health - BS Health - BS, Allied Health Track School of Veterinary Medicine and Biomedical SciencesToggle School of Veterinary Medicine and Biomedical Sciences Biomedical Sciences - BS Neuroscience - BS, Translational and Preclinical Neuroscience Track Small Animal Clinical Sciences Veterinary Integrative Biosciences Veterinary Large Animal Clinical Sciences Veterinary Pathobiology Veterinary Physiology and Pharmacology School of Military SciencesToggle School of Military Sciences Aerospace Studies Military Science Naval Science Texas A&M University at GalvestonToggle Texas A&M University at Galveston General Information Foundational SciencesToggle Foundational Sciences University Studies - BS, Oceans and One Health Concentration Liberal StudiesToggle Liberal Studies Maritime Studies - BA University Studies - BS, Marine Environmental Law and Policy Concentration University Studies - BS, Tourism and Coastal Community Development Concentration Marine and Coastal Environmental ScienceToggle Marine and Coastal Environmental Science Coastal Environmental Science and Society - BS Coastal Environmental Science and Society - BS/MMR, 3+2 Program Marine Sciences - BS Marine Sciences - BS, License Option Marine BiologyToggle Marine Biology Marine Biology - BS Marine Biology - BS, License Option Marine Biology - Minor Marine Fisheries - BS Marine Engineering TechnologyToggle Marine Engineering Technology Marine Engineering Technology - BS Marine Engineering Technology - BS, License Option Maritime Business AdministrationToggle Maritime Business Administration Maritime Business Administration - BS Maritime Business Administration - BS/MMB, 3+2 Program Maritime TransportationToggle Maritime Transportation Marine Transportation - BS Texas A&M University at QatarToggle Texas A&M University at Qatar General Information Chemical Engineering ProgramToggle Chemical Engineering Program Chemical Engineering - BS Electrical and Computer Engineering ProgramToggle Electrical and Computer Engineering Program Electrical Engineering - BS Mechanical Engineering ProgramToggle Mechanical Engineering Program Mechanical Engineering - BS Petroleum Engineering ProgramToggle Petroleum Engineering Program Petroleum Engineering - BS Supporting Academic Programs Course DescriptionsToggle Course Descriptions AALO - Arabic & Asian Language (AALO) ACCT - Accounting (ACCT) AERO - Aerospace Engineering (AERO) AERS - Aerospace Studies (AERS) AFST - Africana Studies (AFST) AGCJ - Ag Comm & Journalism (AGCJ) AGEC - Agricultural Economics (AGEC) AGLS - Ag & Life Sciences (AGLS) AGSC - Agricultural Science (AGSC) AGSM - Agricultrl Systems Mgmt (AGSM) ALEC - Ag Leadrshp, Ed & Comm (ALEC) ALED - Ag Leadership & Dev (ALED) ANSC - Animal Science (ANSC) ANTH - Anthropology (ANTH) ARAB - Arabic (ARAB) ARCH - Architecture (ARCH) AREN - Architectural Engr (AREN) ARTS - Art (ARTS) ASCC - Academic Success Center (ASCC) ASIA - Asian Studies (ASIA) ASTR - Astronomy (ASTR) ATMO - Atmospheric Sciences (ATMO) ATTR - Athletic Training (ATTR) BAEN - Biological & Ag Engr (BAEN) BEFB - Bilingual Ed Field Based (BEFB) BESC - Bioenvironmental Sci (BESC) BICH - Biochemistry (BICH) BIMS - Biomedical Science (BIMS) BIOL - Biology (BIOL) BMEN - Biomedical Engineering (BMEN) BOTN - Botany (BOTN) BUSN - Mays Business School (BUSN) CARC - College of Architecture (CARC) CEHD - Coll of Ed & Human Dev (CEHD) CHEM - Chemistry (CHEM) CHEN - Chemical Engineering (CHEN) CHIN - Chinese (CHIN) CLAS - Classics (CLAS) CLEN - College of Engineering (CLEN) COMM - Communication (COMM) COSC - Construction Science (COSC) CSCE - Computer Sci & Engr (CSCE) CVEN - Civil Engineering (CVEN) CYBR - Cybersecurity (CYBR) DAEN - Data Engineering (DAEN) DASC - Dairy Science (DASC) DCED - Dance Education (DCED) DDHS - Dental Hygiene (DDHS) DIVE - Diving Tech and Methods (DIVE) ECCB - Eco & Conservation Biol (ECCB) ECEN - Electrical & Comp Engr (ECEN) ECHE - Early Chldhd Ed Fld Based (ECHE) ECMT - Econometrics (ECMT) ECON - Economics (ECON) EDCI - Educ Curriculum & Dev (EDCI) EHRD - Ed Human Res Develop (EHRD) ENDG - Engr Design Graphics (ENDG) ENDS - Environmental Design (ENDS) ENGL - English (ENGL) ENGR - Engineering (ENGR) ENST-Environmental Studies (ENST) ENTC - Engineering Technology (ENTC) ENTO - Entomology (ENTO) EPFB - Educ Psyc Field Based (EPFB) EPSY - Educational Psychology (EPSY) ESET - Electronic Sys Eng Tech (ESET) ESSM Ecosystem Science & Mgmt (ESSM) EURO - European Studies (EURO) EVEN - Environmental Engr (EVEN) FILM - Film Studies (FILM) FINC - Finance (FINC) FIVS - Forensic & Inv Science (FIVS) FREN - French (FREN) FRSC - Forest Science (FRSC) FSCI - Foundational Sciences (FSCI) FSTC - Food Science & Tech (FSTC) FYEX - First Year Experience (FYEX) GALV - TAMUG Study Abroad (GALV) GENE - Genetics (GENE) GEOG - Geography (GEOG) GEOL - Geology (GEOL) GEOP - Geophysics (GEOP) GEOS - Geosciences (GEOS) GERM - German (GERM) HBRW - Hebrew (HBRW) HEFB - Health Ed Field Based (HEFB) HHUM - Health Humanities (HHUM) HISP - Hispanic Studies (HISP) HIST - History (HIST) HLTH - Health (HLTH) HORT - Horticultural Sciences (HORT) HUMA - Humanities (HUMA) IBUS - International Business (IBUS) IDIS - Industrial Distribution (IDIS) INST-Interdisciplinary Studies (INST) INTS - International Studies (INTS) ISEN - Indust & Systems Engr (ISEN) ISTM - Mgmt Info Systems (ISTM) ITAL - Italian (ITAL) ITDE - Interdisciplinary Engr (ITDE) JAPN - Japanese (JAPN) JOUR - Journalism (JOUR) KINE - Kinesiology (KINE) KNFB - Kinesiology Field Based (KNFB) LAND - Landscape Architecture (LAND) LBAR - College of Liberal Arts (LBAR) LDEV - Land Development (LDEV) LING - Linguistics (LING) LMAS - Latino/Mex Amer Studies (LMAS) MARA - Maritime Administration (MARA) MARB - Marine Biology (MARB) MARE - Marine Engr Technology (MARE) MARR - Marine Engr Technology (MARR) MARS - Marine Science (MARS) MART - Marine Transportation (MART) MASC - Integrated Math & Sci (MASC) MASE - Maritime Systems Engr (MASE) MAST - Maritime Studies (MAST) MATH - Mathematics (MATH) MEEN - Mechanical Engineering (MEEN) MEFB - Mid Grds Ed Field Based (MEFB) MEPS - Molecular & Env Plant Sci (MEPS) METR - Meteorology (METR) MGMT - Management (MGMT) MICR - Microbiology (MICR) MKTG - Marketing (MKTG) MLSC - Military Science (MLSC) MMET - Mfg & Mech Engr Tech (MMET) MODL - Modern Languages (MODL) MSEN - Materials Science & Engr (MSEN) MTDE - Multidisciplinary Engr (MTDE) MUSC - Music (MUSC) MUST - Museum Studies (MUST) MXET - Multidiscip Engr Tech (MXET) NAUT - Nautical Science (NAUT) NRSC - Neuroscience (NRSC) NUEN - Nuclear Engineering (NUEN) NURS - Nursing (NURS) NUTR - Nutrition (NUTR) NVSC - Naval Science (NVSC) OCEN - Ocean Engineering (OCEN) OCNG - Oceanography (OCNG) PBSI - Psyc & Brain Sciences (PBSI) PERF - Performance Studies (PERF) PETE - Petroleum Engineering (PETE) PHIL - Philosophy (PHIL) PHLT - Public Health (PHLT) PHYS - Physics (PHYS) PLPA - Plant Pathology (PLPA) POLS - Political Science (POLS) PORT - Portuguese (PORT) POSC - Poultry Science (POSC) RDNG - Reading (RDNG) RELS - Religious Studies (RELS) RENR - Renewable Natural Resrces (RENR) RPTS - Rec, Park & Tourism Sci (RPTS) RUSS - Russian (RUSS) RWFM - Rang Wild & Fish Mgmt (RWFM) SCEN - College of Science (SCEN) SCMT - Supply Chain Mgmt (SCMT) SCSC - Soil and Crop Sciences (SCSC) SEFB - Special Ed Field Based (SEFB) SENG - Safety Engineering (SENG) SOCI - Sociology (SOCI) SOMS - Schl of Military Sciences (SOMS) SPAN - Spanish (SPAN) SPED - Special Education (SPED) SPMT - Sport Management (SPMT) STAT - Statistics (STAT) TCMG - Technology Management (TCMG) TEED - Teacher Education (TEED) TEFB - Teacher Ed Field Based (TEFB) UGST - Undergraduate Studies (UGST) URPN - Urban & Reg Planning (URPN) VIBS - Vet Integrative Biosci (VIBS) VIST - Visual Studies (VIST) VLCS - Vet Large Animal Clin Sc (VLCS) VSCS - Vet Small Animal Clin Sc (VSCS) VTPB - Veterinary Pathobiology (VTPB) VTPP - Vet Physiology & Pharm (VTPP) WFSC - Wildlife & Fisheries Sci (WFSC) WGST - Women's & Gender Studies (WGST) ZOOL - Zoology (ZOOL) Faculty AppendicesToggle Appendices Family Educational Rights and Privacy Act Hazing Law (Education Code) International Agreements Jeanne Clery Disclosure of Campus Security Policy and Campus Crime Statistics Act (Clery Act) Notification for Students Pursuing an Occupational License Oak Ridge Associated Universities (ORAU) Rules and Regulations for Determining Residence Status Scholastic Honor Societies Texas Common Course Numbering System Graduate and Professional CatalogToggle Graduate and Professional Catalog Academic Calendars Academic Expectations and Program Requirements AdmissionToggle Admission College/School Specific InformationToggle College/School Specific Information Irma Lerma Rangel School of Pharmacy School of Dentistry School of Law School of Medicine School of Nursing School of Public Health School of Veterinary Medicine and Biomedical Sciences Texas A&M University Qatar Campus Board of Regents and Administrative Officers Campus Life and Resources Colleges, Schools and Interdisciplinary Degree ProgramsToggle Colleges, Schools and Interdisciplinary Degree Programs Interdisciplinary Degree ProgramsToggle Interdisciplinary Degree Programs Agribusiness and Managerial Economics - PHD Ecology and Evolutionary Biology - PHD Genetics - PHD Molecular and Environmental Plant Sciences - PHD Neuroscience - PHD Toxicology - PHD Water Management and Hydrological Science - PHD Agribusiness - MA Biotechnology - MBT Data Science - MS Ecology and Evolutionary Biology - MS Energy - MS Genetics - MS Molecular and Environmental Plant Sciences - MS Neuroscience - MS Toxicology - MS Water Management and Hydrological Science - MS Water Management and Hydrological Science - MWM College of Agriculture and Life SciencesToggle College of Agriculture and Life Sciences Agricultural EconomicsToggle Agricultural Economics Agricultural Economics - MAG Agricultural Economics - MS Agricultural Economics- PHD Agricultural Leadership, Education, and CommunicationsToggle Agricultural Leadership, Education, and Communications Agricultural Development - MAG Agricultural Leadership, Education, and Communications - MS Agricultural Education - EDD Agricultural Leadership, Education, and Communications- PHD Animal ScienceToggle Animal Science Animal Breeding - MS Animal Science - MAG Animal Science - MS Industry Management - MEI Physiology of Reproduction- MS Animal Breeding - PHD Animal Science - PHD Physiology of Reproduction - PHD Biochemistry and BiophysicsToggle Biochemistry and Biophysics Biochemistry - MS Biochemistry- PHD Biological and Agricultural EngineeringToggle Biological and Agricultural Engineering Agricultural Systems Management - MAG Agricultural Systems Management - MS Biological and Agricultural Engineering - MEN Biological and Agricultural Engineering - MS Biological and Agricultural Engineering - PHD Ecology and Conservation BiologyToggle Ecology and Conservation Biology Ecology and Conservation Biology - MS Ecosystem Science and Management - MAG Ecology and Conservation Biology - PHD EntomologyToggle Entomology Entomology - MS Entomology - PHD Food Science and TechnologyToggle Food Science and Technology Food Science and Technology - MAG Food Science and Technology - MS Food Science and Technology - PHD Horticultural SciencesToggle Horticultural Sciences Horticulture - MAG Horticulture - MS Plant Breeding - MS Horticulture - PHD Plant Breeding- PHD NutritionToggle Nutrition Clinical Nutrition - MCN Nutrition - MS Nutrition - MS/Kinesiology - MS, Combined Degree Program Nutrition - PHD Plant Pathology and MicrobiologyToggle Plant Pathology and Microbiology Plant Pathology - MS Plant Pathology - PHD Poultry ScienceToggle Poultry Science Poultry Science - MAG Poultry Science - MS Poultry Science - PHD Rangeland, Wildlife and Fisheries ManagementToggle Rangeland, Wildlife and Fisheries Management Natural Resources Development - MNR Rangeland, Wildlife and Fisheries Management - MS Wildlife Science - MWS Rangeland, Wildlife and Fisheries Management - PHD Recreation, Park and Tourism SciencesToggle Recreation, Park and Tourism Sciences Master of Recreation and Youth Development - MRYD Recreation, Park and Tourism Sciences - MS Recreation, Park and Tourism Sciences - PHD Soil and Crop SciencesToggle Soil and Crop Sciences Agronomy - MS Plant Breeding - MS Soil Science - MS Agronomy - PHD Plant Breeding - PHD Soil Science - PHD School of ArchitectureToggle School of Architecture Interdepartmental Programs ArchitectureToggle Architecture Architecture Architecture - MAR Architecture - MAR/MUP Combined Degree Program Architecture - MS Architecture - MS/MAR Combined Degree Program Construction ScienceToggle Construction Science Construction Management - MS Construction Science - PHD Landscape Architecture and Urban PlanningToggle Landscape Architecture and Urban Planning Land and Property Development - MLP Land and Property Development MLP/MAR Combined Degree Program Land and Property Development MLP/MRE Combined Degree Program Land and Property Development MLP/MS Combined Degree Program Land and Property Development MLP/MUP Combined Degree Program Landscape Architecture - MLA Urban and Regional Planning - MUP Urban and Regional Science - PHD College of Arts and SciencesToggle College of Arts and Sciences AnthropologyToggle Anthropology Anthropology - MA Maritime Archaeology and Conservation - MS Atmospheric SciencesToggle Atmospheric Sciences Atmospheric Science - MS Atmospheric Sciences - PHD BiologyToggle Biology Biology - MS Biology - PHD Microbiology - MS Microbiology - PHD ChemistryToggle Chemistry Chemistry - MS Chemistry - PHD Communication and JournalismToggle Communication and Journalism Communication - MA Communication - PHD EconomicsToggle Economics Economics - MS Economics MS/MIA Combined Degree Program Economics - PHD EnglishToggle English English - MA English - PHD GeographyToggle Geography Geography - MS Geography - PHD Geoscience - MGS Geology and GeophysicsToggle Geology and Geophysics Geology - MS Geophysics - MS Geology - PHD Geophysics - PHD Global Languages and CulturesToggle Global Languages and Cultures Hispanic Studies - MA Hispanic Studies - PHD HistoryToggle History History - MA History - PHD MathematicsToggle Mathematics Mathematics - MS Quantitative Finance - MS Mathematics - PHD OceanographyToggle Oceanography Ocean Science and Technology - MOS Oceanography - MS Oceanography - PHD Philosophy and HumanitiesToggle Philosophy and Humanities Philosophy - MA Philosophy - PHD Physics and AstronomyToggle Physics and Astronomy Astronomy - MS Physics - MS Applied Physics - PHD Astronomy - PHD Physics - PHD Psychological and Brain SciencesToggle Psychological and Brain Sciences Psychological Sciences - MS Clinical Psychology - PHD Industrial Organizational Psychology - PHD Psychology - PHD SociologyToggle Sociology Sociology - MS Sociology - PHD StatisticsToggle Statistics Applied Statistics - Certificate Doctor of Philosophy in Statistics Master of Science in Statistics Mays Business SchoolToggle Mays Business School Interdepartmental Degree ProgramsToggle Interdepartmental Degree Programs Business Administration - MBA Business Administration MBA/MS Combined Degree Program Analytics - MS Business - MS Mays Executive MBA Program Mays Professional MBA Program Business Administration - PHD AccountingToggle Accounting Accounting - MS FinanceToggle Finance Finance - MS Financial Management - MFM Land Economics and Real Estate - MRE Information and Operations ManagementToggle Information and Operations Management Management Information Systems - MS ManagementToggle Management Entrepreneurial Leadership - MS Human Resource Management - MS Management - PHD MarketingToggle Marketing Marketing - MS School of DentistryToggle School of Dentistry Interdepartmental ProgramsToggle Interdepartmental Programs Oral Biology - MS Dental Surgery - DDS Oral and Craniofacial Biomedical Sciences - PHD Biomedical Sciences Comprehensive DentistryToggle Comprehensive Dentistry Diagnostic SciencesToggle Diagnostic Sciences EndodonticsToggle Endodontics Oral and Maxillofacial SurgeryToggle Oral and Maxillofacial Surgery OrthodonticsToggle Orthodontics Pediatric DentistryToggle Pediatric Dentistry PeriodonticsToggle Periodontics Public Health SciencesToggle Public Health Sciences School of Education and Human DevelopmentToggle School of Education and Human Development Interdepartmental Degree ProgramsToggle Interdepartmental Degree Programs Educational Administration and Human Resource DevelopmentToggle Educational Administration and Human Resource Development Educational Administration - MED Educational Administration - MS Educational Human Resource Development - MS Educational Administration - EDD Educational Administration - PHD Educational Human Resource Development - PHD Educational PsychologyToggle Educational Psychology Bilingual/ESL Education - MED Bilingual/ESL Education - MS Educational Psychology - MED Educational Psychology - MS Learning Design and Technology - MED Special Education - MED Special Education - MS Counseling Psychology - PHD Educational Psychology - PHD School Psychology - PHD Kinesiology and Sport ManagementToggle Kinesiology and Sport Management Athletic Training - MS Kinesiology - MS Sport Management - MS Kinesiology - PHD Teaching, Learning and CultureToggle Teaching, Learning and Culture Curriculum and Instruction - MED Curriculum and Instruction -MS Curriculum and Instruction - EDD Curriculum and Instruction - PHD College of EngineeringToggle College of Engineering Interdepartmental Degree ProgramsToggle Interdepartmental Degree Programs Engineering -MEN/MD Combined Degree Program Safety Engineering - MS Aerospace EngineeringToggle Aerospace Engineering Aerospace Engineering - MEN Aerospace Engineering - MS Aerospace Engineering - PHD Biomedical EngineeringToggle Biomedical Engineering Biomedical Engineering - MEN Biomedical Engineering - MS Biomedical Engineering -PHD Chemical EngineeringToggle Chemical Engineering Chemical Engineering - MEN Chemical Engineering - MS Chemical Engineering - PHD Civil and Environmental EngineeringToggle Civil and Environmental Engineering Civil Engineering -MEN Civil Engineering - MS Civil Engineering - PHD Computer Science and EngineeringToggle Computer Science and Engineering Computer Engineering - MEN Computer Engineering - MS Computer Science - MCS Computer Science - MS Computer Engineering - PHD Computer Science - PHD Electrical and Computer EngineeringToggle Electrical and Computer Engineering Computer Engineering - MEN Computer Engineering - MS Electrical Engineering - MEN Electrical Engineering - MS Computer Engineering - PHD Electrical Engineering - PHD Engineering Technology and Industrial DistributionToggle Engineering Technology and Industrial Distribution Engineering Technology - MS Industrial Distribution - MID Technical Management - MET Industrial and Systems EngineeringToggle Industrial and Systems Engineering Engineering Management - MS Industrial Engineering - MEN Industrial Engineering - MS Systems Engineering - MEN Industrial Engineering - PHD Materials Science and EngineeringToggle Materials Science and Engineering Materials Science and Engineering - MEN Materials Science and Engineering - MS Material Science and Engineering - PHD Mechanical EngineeringToggle Mechanical Engineering Mechanical Engineering - MEN Mechanical Engineering - MS Mechanical Engineering - PHD Multidisciplinary EngineeringToggle Multidisciplinary Engineering Engineering - MEN Interdisciplinary Engineering - MS Engineering - EDD Interdisciplinary Engineering - PHD Nuclear EngineeringToggle Nuclear Engineering Nuclear Engineering - MEN Nuclear Engineering - MS Nuclear Engineering - PHD Ocean EngineeringToggle Ocean Engineering Ocean Engineering - MEN Ocean Engineering - MS Ocean Engineering - PHD Petroleum EngineeringToggle Petroleum Engineering Petroleum Engineering - MEN Petroleum Engineering - MS Petroleum Engineering - PHD Bush School of Government and Public ServiceToggle Bush School of Government and Public Service Interdepartmental Degree ProgramsToggle Interdepartmental Degree Programs International AffairsToggle International Affairs International Affairs - MIA International Affairs - MIA/MPH-PHPM Combined Degree Program International Affairs - MIA/MUP-HPCH Combined Degree Program International Policy - MIP National Security and Intelligence - MNS Political ScienceToggle Political Science Political Science - MA Political Science - PHD Public Service and AdministrationToggle Public Service and Administration Executive Master of Public Service and Administration - PSA Public Service and Administration - MPS Public Service and Administration - MPS/PHD - EDAD Combined Degree Program Public Service and Administration - MPS/PHD - HRSA Combined Degree Program School of LawToggle School of Law Intellectual Property - ML Intellectual Property - MLG Laws - LLM Legal Studies - MLG Juris Doctor - JD School of MedicineToggle School of Medicine Interdepartmental Degree ProgramsToggle Interdepartmental Degree Programs Education for Health Care Professionals - MS Medical Sciences - MS Medicine - MD Medicine - MD/PHD Combined Degree Program Medical Sciences - PHD School of NursingToggle School of Nursing Nursing in Family Nurse Practitioner - MSN Nursing in Forensic Nursing - MSN Nursing in Nursing Education - MSN Nursing Practice - DNP School of Performance, Visualization and Fine ArtsToggle School of Performance, Visualization and Fine Arts Performance Studies - MA Visualization - MFA Visualization - MS Irma Lerma Rangel School of PharmacyToggle Irma Lerma Rangel School of Pharmacy Interdepartmental Degree ProgramsToggle Interdepartmental Degree Programs Pharmaceutical Sciences - MS Pharmaceutical Sciences - PHD Pharmacy - PHD School of Public HealthToggle School of Public Health Interdepartmental Degree ProgramsToggle Interdepartmental Degree Programs Health Administration - MHA Occupational Safety and Health - MPH Public Health in Health Policy and Management - MS Health Services Research - PHD Public Health Sciences - DRPH Environmental and Occupational HealthToggle Environmental and Occupational Health Environmental Health - MPH Epidemiology and BiostatisticsToggle Epidemiology and Biostatistics Epidemiology - MPH Biostatistics - MPH Health BehaviorToggle Health Behavior Health Education - MS Health Promotion and Community Health Sciences - MPH Health Education - PHD Health Policy and ManagementToggle Health Policy and Management Health Policy - MPH/JD-JDLW Combined Degree Program Health Policy and Management - MPH School of Veterinary Medicine and Biomedical SciencesToggle School of Veterinary Medicine and Biomedical Sciences Interdepartmental Degree ProgramsToggle Interdepartmental Degree Programs Biomedical Sciences - MS Science and Technology Journalism - MS Veterinary Public Health-Epidemiology - MS/DVM Combined Degree Program Biomedical Sciences - PHD Veterinary Medicine - DVM Veterinary Integrative BiosciencesToggle Veterinary Integrative Biosciences Veterinary Public Health Epidemiology - MS Veterinary Large Animal Clinical Sciences Veterinary Pathobiology Veterinary Physiology and Pharmacology Veterinary Small Animal Clinical Sciences Degrees and Programs Offered Faculty International Opportunities for Students Ombuds Services for Graduate Education Tuition, Fees and Other Financial InformationToggle Tuition, Fees and Other Financial Information Payment Methods Penalties and Late Registration Fees Financial Assistance and Scholarships Texas A&M Tuition and Required Fees Optional Campus Services Fees for Other Special Items or Services Deposits Refund Policy University Information University Policies Standards and Procedures Course DescriptionsToggle Course Descriptions ACCT - Accounting ADDT - Alcohol Drug Dep Trtmnt AEGD - Adv Ed Gen Dentistry AERO - Aerospace Engineering AFST - Africana Studies AGEC - Agricultural Economics AGLS - Ag & Life Sciences ALEC - Ag Leadrshp, Ed & Comm ANES - Clinical Anesthesiology ANLY - Analytics ANSC - Animal Science ANTH - Anthropology ARCH - Architecture ASTR - Astronomy ATMO - Atmospheric Sciences ATTR - Athletic Training BAEN - Biological & Ag Engr BESL - Billingual ESL Education BICH - Biochemistry BIMS - Biomedical Science BIOL - Biology BIOT - Biotechnology BMEN - Biomedical Engineering BUAD - Business Administration BUSH - Geo Bush School of Gov CARC - College of Architecture CEHD - Coll of Ed & Human Dev CHEM - Chemistry CHEN - Chemical Engineering CLAS - Classics CLEN - College of Engineering CLSL - School of Law COMM - Communication COSC - Construction Science CPSY - Counseling Psychology CSCE - Computer Sci & Engr CVEN - Civil Engineering CYBR - Cybersecurity DASC - Dairy Science DDDS - Doctor Dental Surgery DHUM - Digital Humanities DPHS - Dental Public Health ECCB - Eco & Conservation Biol ECEN - Electrical & Comp Engr ECMT - Econometrics ECON - Economics EDAD - Educational Administratn EDCI - Educ Curriculum & Dev EDHP - Ed Healthcare Prof EEBL - Ecology & Evol Biology EHRD - Ed Human Res Develop EMED - Emergency Medicine ENDO - Endodontics ENGL - English ENGR - Engineering ENTC - Engineering Technology ENTO - Entomology EPSY - Educational Psychology ESET - Electronic Sys Eng Tech ESSM - Ecosystem Science & Mgmt EURO - European Studies FILM - Film Studies FINC - Finance FORS - Forensic Healthcare FREN - French FSTC - Food Science & Tech GENE - Genetics GEOG - Geography GEOL - Geology GEOP - Geophysics GEOS - Geosciences GERM - German HCPI - Healthcare Prof Core In HISP - Hispanic Studies HIST - History HLTH - Health HORT - Horticultural Sciences HPCH - Health Promo Comm Hlth HUMA - Humanities IBST - Institute Biosci & Tech IBUS - International Business ICPE - Interdisc Curr Prg Energy IDIS - Industrial Distribution IMED - Internal Medicine INTA - International Affairs ISEN - Indust & Systems Engr ISTM - Mgmt Info Systems ITAL - Italian ITDE - Interdisciplinary Engr KINE - Kinesiology LAND - Landscape Architecture LAW - Law LBAR - College of Liberal Arts LDEV - Land Development LDTC - Learning Design & Tech LING - Linguistics MARA - Maritime Administration MARB - Marine Biology MARS - Marine Science MATH - Mathematics MCMD - Molecular Cell Medicine MEEN - Mechanical Engineering MEID - Medicine-Interdisci MEMA - Mechanics and Materials MEPS - Molecular & Env Plant Sci MFCM - Family & Commu Medicine MGMT - Management MHUM - Humanities In Medicine MICR - Microbiology MKTG - Marketing MMET - Mfg & Mech Engr Tech MPAT - Pathology & Lab Medicin MPED - Pediatrics MPHY - Medical Physiology MPIM - Microbial Pathogen Imm MPSY - Psychiatry MRAD - Radiology MSCI - Medical Sciences MSEN - Materials Science & Engr MTDE - Multidisciplinary Engr MXET - Multidiscip Engr Tech NEXT - Neuro Exper Therapeutic NRSC - Neuroscience NUEN - Nuclear Engineering NURS - Nursing NUTR - Nutrition OBGY - Obstetrics & Gynecology OBIO - Oral Biology OCEN - Ocean Engineering OCNG - Oceanography OMFP - Oral & Maxillofac Path OMFR - Oral & Maxillofac Radio OMFS - Oral & Maxillofac Surg ORTH - Orthodontics PBSI - Psyc & Brain Sciences PEDD - Pediatric Dentistry PERF - Performance Studies PERI - Peridontics PETE - Petroleum Engineering PHAR - Pharmacy PHEB - Public Hlth Epide Biost PHEO - Public Hlth Enviro Occu PHIL - Philosophy PHPM - Public Hlth Pol & Mgmt PHSC - Pharmaceutical Sciences PHYS - Physics PLAN - Urban Planning PLPA - Plant Pathology POLS - Political Science POSC - Poultry Science PROS - Prosthodontics PSAA - Public Service & Admin RDNG - Reading RENR - Renewable Natural Resrces RPTS - Rec, Park & Tourism Sci RUSS - Russian RWFM - Rang Wild & Fish Mgmt SCEN - College of Science SCMT - Supply Chain Mgmt SCSC - Soil and Crop Sciences SEFB - Special Ed. Field Based SENG - Safety Engineering SOCI - Sociology SOPH - School of Public Health SPED - Special Education SPMT - Sport Management SPSY - School Psychology SSEN - Subsea Engineering STAT - Statistics SURG - Surgery SYEN - Systems Engineering TAMU - TAMU Study Abroad/Consortium TCMT - Technical Management TEED - Teacher Education URSC - Urban Science VIBS - Vet Integrative Biosci VIZA - Visualization VLCS - Vet Large Animal Clin Sc VMID - Vet Medicine-Interdisc VPAR - Veterinary Parasitology VPAT - Veterinary Pathology VSCS - Vet Small Animal Clin Sc VTMI - Veterinary Microbiology VTPB - Veterinary Pathobiology VTPP - Vet Physiology & Pharm WFSC - Wildlife & Fisheries Sci WGST - Women's & Gender Studies WMHS - Water Mgmt & Hydrol Sci Texas A&M University at GalvestonToggle Texas A&M University at Galveston General Information Marine and Coastal Environmental ScienceToggle Marine and Coastal Environmental Science Marine and Coastal Management and Science - PHD Marine Resources Management - MMR Marine BiologyToggle Marine Biology Marine Biology - PHD Marine Biology - MS Maritime Business AdministrationToggle Maritime Business Administration Maritime Business Administration and Logistics - MMB Maritime Business Administration and Logistics - MMB/JD Combined Degree Program Texas A&M University at QatarToggle Texas A&M University at Qatar General Information Qatar Engineering ProgramsToggle Qatar Engineering Programs Chemical Engineering- PHD Chemical Engineering - MEN Chemical Engineering - MS AppendicesToggle Appendices Family Educational Rights and Privacy Act Hazing Law (Education Code) International Agreements Jeanne Clery Disclosure of Campus Security Policy and Campus Crime Statistics Act (Clery Act) Notification for Students Pursuing an Occupational License Rules and Regulations for Determining Residence Status Archives School of Medicine Overview Faculty Interdepartmental Programs First Professional Doctoral The Texas A&M University School of Medicine offers professional and graduate degree programs. The school's mission is to improve the health and well-being of the people of Texas through excellence in education, research and health care delivery. The school's vision is to develop the innovators and leaders in medicine and biomedical research who will transform American medicine in the 21st century. Areas of Focus Rural and population health: We’re bringing health care where it’s needed most. Through our keen focus on rural populations and innovative care delivery, we’re eliminating health disparities throughout Texas. Military medicine: We honor Texas A&M University’s rich military legacy. Through our unique relationship with the military academies and veteran populations, we’re improving the lives of military members and their families. Innovation: We make the impossible, possible—by creating systems and technologies that address health care’s greatest challenges. Degree Programs The School of Medicine offers multiple paths to earning a medical degree: Traditional MD, for students who want to practice medicine EnMed, (with the Intercollegiate School of Engineering Medicine), for physicians who want to engineer patient solutions MD/PhD, for highly motivated students planning careers in academic medicine MD Plus, which combines the MD degree with one of five master's programs: MBA in conjunction with the Mays Business School MPH in conjunction with the School of Public Health MS in education of health care professionals MS in medical science MS in science and technology journalism in conjunction with the School of Veterinary Medicine & Biomedical Sciences There are also graduate programs for students not interested in earning a medical degree but who are still interested in health care or biomedical research. Certificate or MS in education for health care professionals, for those interested in health care teaching or academia MS or PhD in medical sciences, for specialized graduate research Research Opportunities Research is conducted through both the basic science and clinical departments, as well as specialized research centers and institutes affiliated with the School of Medicine. Focus areas include: Brain, Behavior, Psychiatric and Neurologic Disorders Biomedical Engineering and Regenerative Medicine Cancer, Cell and Developmental Biology Cardiovascular, Lymphatic and Metabolic Disease Genetic, Genomic and Network Biology Infection, Immunity and Inflammation Administrative Officers Dean - Amy Waer, MD Doctoral Doctor of Medicine and Doctor of Philosophy Combined Degree Program Doctor of Philosophy in Medical Sciences Masters Master of Science in Education for Health Care Professionals Master of Science in Medical Sciences Certificates Education for Health Care Professionals Certificate First Professional Doctoral Doctor of Medicine and Doctor of Philosophy Combined Degree Program Doctor of Medicine in Medicine Master of Engineering in Engineering and Doctor of Medicine Combined Degree Program Adams, Rae A, Clinical Associate Professor College of Medicine MD, Texas A&M University, 2008 Alaniz, Robert C, Research Assistant Professor College of Medicine PHD, University of Washington, 2015 Allen, Gregg C, Instructional Associate Professor College of Medicine PHD, Texas A&M University, 2001 Amrein, Hubert O, Professor College of Medicine PHD, University of Zürich, 1989 Andrews-Polymenis, Helene, Professor College of Medicine DVM, Texas A&M University, 2001 PHD, Tufts University, 1999 Arnold, Stacey, Clinical Assistant Professor College of Medicine EDD, Texas A&M University, 2007 Avery, Andrew N, Clinical Professor College of Medicine MD, University of Texas Medical Branch at Galveston, 1973 Bagher, Pooneh, Assistant Professor College of Medicine PHD, Cornell University, 2007 Bake, Shameena, Research Assistant Professor College of Medicine PHD, University of Kerala, 2001 Bankaitis, Vytas A, University Distinguished Professor College of Medicine PHD, University of North Carolina, 1984 Baxter, Douglas, Instructional Professor College of Medicine PHD, University of Texas, 1981 Bayless, Kayla J, Associate Professor College of Medicine PHD, Texas A&M University, 1999 Blalock, Katherine E, Clinical Assistant Professor College of Medicine MD, Texas A&M University, 2011 Bondos, Sarah E, Associate Professor College of Medicine PHD, University of Illinois at Urbana-Champaign, 1998 Borchardt, Craig W, Instructional Assistant Professor College of Medicine PHD, Texas A&M University, 1996 Brandt, Paul C, Associate Professor College of Medicine PHD, University of Kentucky, 1990 Bray, Amanda E, Clinical Assistant Professor College of Medicine MD, Louisiana State University, 2012 Cannaday, Rania A, Clinical Assistant Professor College of Medicine MD, University of Texas Health Science Center at Houston, 2014 Cannon, Carolyn L, Associate Professor College of Medicine MD, University of Texas Health Science Center at Houston, 1993 PHD, University of Texas Health Science Center at Houston, 1993 Carter, Misti H, Clinical Assistant Professor College of Medicine PHD, University of Texas, 2003 Chakraborty, Sanjukta, Assistant Professor College of Medicine PHD, Indian Institute of Science BanGalore, 2007 Champion, Katherine A, Instructional Assistant Professor College of Medicine PHD, University of California at Berkley, 2012 Chang, Jiang, Professor College of Medicine PHD, Texas A&M University, 1999 Chen, Weijung, Professor College of Medicine PHD, Peking University, 2003 Chen, Zhilei, Associate Professor College of Medicine PHD, University of Illinois, 2006 Chico, Diane E, Associate Professor College of Medicine PHD, The University of Texas Medical Branch at Galveston, 2002 Choi, Keslea Y, Research Assistant Professor College of Medicine PHD, University of California at Davis, 1997 Cirillo, Jeffrey D, Regents Professor College of Medicine PHD, Albert Einstein College of Medicine, 1992 Dashwood, Roderick, Professor College of Medicine PHD, University of Portsmouth, 1986 Davies, Peter, Professor College of Medicine PHD, University of Miami, 1975 Defigueiredo, Paul J, Associate Professor College of Medicine PHD, Cornell University, 1997 Derry, Paul, Associate Professor College of Medicine PHD, Rice University, 2016 Dewsnap, Michael A, Instructional Assistant Professor College of Medicine PHD, Colorado State University, 2019 Dickey, Nancy J, Professor College of Medicine MD, University of Texas Health Science Center at Houston, 1976 Dubois, Dustin W, Research Assistant Professor College of Medicine PHD, Texas A&M University, 2004 Earnest, David, Professor College of Medicine PHD, Northwestern University, Evanston, 1984 Ficht, Allison R, Professor College of Medicine PHD, Vanderbilt University, 1980 Florez Arango, Jose, Research Associate Professor College of Medicine MD, Universidad de Antioquia, 2000 PHD, University of Texas Health Science Center, 2009 Frakes, Mark, Clinical Assistant Professor College of Medicine MD, University of Illinois Rockford, 2016 Frias Ferreira, Heidy, Instructional Assistant Professor College of Medicine MD, Universidad Central del Este San Pedro de Macorís, Dominican Republic, 2007 Friedman, Jennifer Diane, Clinical Assistant Professor College of Medicine MD, University of California at San Francisco, 1997 Gashev, Anatoliy, Associate Professor College of Medicine PHD, Pavlov Institute of Physiology, 1989 Geoffroy, Cedric G, Assistant Professor College of Medicine PHD, University of Cambridge, 2008 Gibson, Jeremy, Clinical Associate Professor College of Medicine MD, University of Texas Medical Branch at Galveston, 1998 Gill, Kory L, Clinical Assistant Professor College of Medicine DO, Kansas City University of Medical and Biosciences, 2005 Glaser, Shannon, Professor College of Medicine PHD, Texas A&M University, 2006 Gregory, Carl A, Associate Professor College of Medicine PHD, University of Manchester, 1999 Griffith III, William, Regents Professor College of Medicine PHD, The University of Texas Medical Branch at Galveston, 1980 Harper, R, Clinical Assistant Professor College of Medicine MD, University Of Texas Houston Medical School, 1984 Hein, Travis, Professor College of Medicine PHD, Texas A&M University, 1997 Hettema, John, Clinical Assistant Professor College of Medicine MD, Virginia Commonwealth University, 1997 Hnatek, Joyce P, Clinical Assistant Professor College of Medicine MD, University of Texas Medical School at San Antonio, 1987 Hogue Jr, Grady C, Clinical Assistant Professor College of Medicine MD, University of Texas Health Science Center at San Antonio, 1984 Hook, Axel, Professor College of Medicine PHD, University of Uppsala, Sweden, 1974 Huang, Yun, Associate Professor College of Medicine PHD, Georgia State University, 2009 Hubbard, John K, Instructional Associate Professor College of Medicine PHD, Texas A&M University, 1996 Hurdle, Julian, Associate Professor College of Medicine PHD, University of Leeds, 2005 Huston, David P, Professor College of Medicine MD, Wake Forest University, 1973 Hyde, Jennifer A, Assistant Professor College of Medicine PHD, Texas A&M University, 2005 Isbell, Teresa, Clinical Assistant Professor College of Medicine PHD, The University of North Texas, 2014 Jinadatha, Chetan, Clinical Associate Professor College of Medicine MD, J.J.M. Medical College, 2001 Kapler, Geoffrey, Professor College of Medicine PHD, Harvard University, 1989 Karpac, Jason S, Associate Professor College of Medicine PHD, The University of Oklahoma Health Sciences Center, 2007 Kent, Thomas, Professor College of Medicine MD, University of Kansas Medical Center, 1979 Kraft, Dianne, Instructional Assistant Professor College of Medicine PHD, Texas A&M University, 2002 Kuo, Lih, Regents Professor College of Medicine PHD, Virginia Commonwealth University, 1987 Lee, Ryang H, Associate Professor College of Medicine PHD, Pusan National University, South Korea, 2003 Leibowitz, Julian L, Professor College of Medicine MD, Albert Einstein College of Medicine, 1975 PHD, Albert Einstein College of Medicine, 1974 Liberzon, Israel, Clinical Assistant Professor College of Medicine MD, Sackler Medical School, Tel Aviv University, Tel Aviv, Israel, 1987 Lichorad, Anna, Clinical Assistant Professor College of Medicine MD, University of Texas Health Science Center at Houston, 1994 Liu, Fei, Associate Professor College of Medicine PHD, Fourth Military Medical University, China, 2002 Liu, Mingyao, Senior Professor College of Medicine PHD, University of Maryland, 1992 Liu, Wenshe, Professor College of Medicine PHD, University of California at Davis, 2005 Maxwell, Steven A, Associate Professor College of Medicine PHD, University of Texas Health Science Center at Houston, 1985 McCord, Carly, Clinical Assistant Professor College of Medicine PHD, Texas A&M University, 2013 McCord, Gary C, Clinical Professor College of Medicine MD, University of Texas Medical Branch, 1983 McGregor, Alistair, Associate Professor College of Medicine PHD, University of Glasgow, 1994 McKnight, Jason R, Clinical Assistant Professor College of Medicine MD, University of Texas Health Science Center - Houston, 2014 McLaughlin Darlene, Clinical Assistant Professor College of Medicine MD, The University of Texas Health Science Center, 1980 Meininger, Cynthia, Professor College of Medicine PHD, Texas A&M University, 1987 Milman, Robert, Clinical Assistant Professor College of Medicine MD, Texas A&M University, 1986 Miranda, Rajesh C, Professor College of Medicine PHD, University of Rochester, 1989 Mitchell, Brett, Professor College of Medicine PHD, Georgia Health Sciences University, 2003 Miyamoto, Tetsuya, Research Assistant Professor College of Medicine PHD, Nagoya University, 2004 Moczygemba, Margarita, Research Associate Professor College of Medicine PHD, State University of New York at Stony Brook, 1997 Montgomery, Karienn, Research Assistant Professor College of Medicine PHD, University of Florida, 2012 Murray, Ian, Instructional Associate Professor College of Medicine PHD, McGill University, Montreal, Canada, 1999 Musser, Siegfried M, Professor College of Medicine PHD, California Institute of Technology, 1996 Muthuchamy, Mariappan, Professor College of Medicine PHD, Mudarai Kamaraj University, India, 1991 Neal, Gabriel A, Clinical Associate Professor College of Medicine MD, The University of Oklahoma, 2001 Newell Rogers, Martha, Research Professor College of Medicine PHD, University of Colorado, 1987 Paolini, Michael, Instructional Assistant Professor College of Medicine MD, Baylor College of Medicine, 2014 Patrick, Kristin L, Assistant Professor College of Medicine PHD, Yale University, 2008 Peng, Xu, Associate Professor College of Medicine MD, The Medical College of Tongji University, 2015 PHD, Pekng University, China, 2000 Peterson, Thomas, Instructional Professor College of Medicine PHD, The University of Oklahoma, 1977 Pettigrew, Roderic, Professor College of Medicine PHD, Massachusetts Institute of Technology, 1977 Pope, Robert A, Clinical Assistant Professor College of Medicine MD, University of Texas Southwestern Medical School, 1992 Rajendran, Praveen, Research Associate Professor College of Medicine PHD, Birla Institute of Technology and Science, 2006 Ramos, Kenneth, Professor College of Medicine MD, University of Louisville Health Sciences Center, 2011 PHD, The University of Texas at Austin, 1983 Reddy, Doodipala S, Professor College of Medicine PHD, Panjab University, India, 1998 Reiner, David, Associate Professor College of Medicine PHD, University of Washington, 1996 Rimer, Mendell, Associate Professor College of Medicine PHD, University of Maryland at Baltimore, 1993 Roberman Susan, Clinical Assistant Professor College of Medicine MD, University of Texas Medical Branch, 1990 Rosa, Robert, Research Professor College of Medicine MD, Texas A&M University, 1990 Russell, Gul A, Professor College of Medicine PHD, Indiana University, 1962 Rutkowski, Joseph, Assistant Professor College of Medicine PHD, Ecole Polytechnique Federale de Lausanne, France, 2008 Sabrsula Jr, Irvin F, Clinical Assistant Professor College of Medicine MD, The University of Texas Health Science Center, 1978 Samuel, James E, Regents Professor College of Medicine PHD, Washington State University, 1986 Schapiro, Michelle A, Assistant Professor College of Medicine PHD, University of New England, 1998 Shapiro, Lee, Associate Professor College of Medicine PHD, State University of New York at Stony Brook, 2004 Shetty, Ashok K, Professor College of Medicine PHD, All India Institute of Medical Sciences, 1990 Sicilio, Mark S, Clinical Assistant Professor College of Medicine MD, Texas A&M University, 1981 Singh, Irtisha, Assistant Professor College of Medicine PHD, Weill Cornell Graduate School of Medical Sciences, 2017 Sitcheran, Raquel M, Associate Professor College of Medicine PHD, University of California at San Francisco, 2000 Skare, Jon T, Professor College of Medicine PHD, Washington State University, 1992 Smith Jr, Jack W, Professor College of Medicine PHD, Ohio State University, 1986 Smith, Laura N, Assistant Professor College of Medicine PHD, George Mason University, 2008 Sohrabji, Farida, Regents Professor College of Medicine PHD, University of Rochester, 1991 Song, Jianxun, Professor College of Medicine PHD, Third Military Medical University, 1998 Srinivasan, Rahul, Assistant Professor College of Medicine PHD, University of Pittsburgh, 2006 Stephan, Clifford, Research Associate Professor College of Medicine PHD, Vanderbilt University, 1988 Stevens, Mark L, Clinical Assistant Professor College of Medicine MD, University of Texas Health Science Center, 1990 Streusand, William, Clinical Assistant Professor College of Medicine MD, Baylor College of Medicine, 1980 Tesh, Vernon L, Professor College of Medicine PHD, Emory University, 1988 Threadgill, David, University Distinguished Professor and Regents Professor College of Medicine PHD, Texas A&M University, 1989 Threadgill, Deborah, Research Assistant Professor College of Medicine PHD, Texas A&M University, 1990 Tong, Carl, Associate Professor College of Medicine MD, Texas A&M University, 2002 PHD, Texas A&M University, 2002 Trache, Andreea, Associate Professor College of Medicine PHD, Institute of Atomic Physics, Romania, 1996 Trzeciakowski, Jerome, Instructional Professor College of Medicine PHD, University of Florida, 2015 Tsai, Robert, Associate Professor College of Medicine PHD, John Hopkins University School of Medicine, 1996 Van Schaik, Erin, Research Assistant Professor College of Medicine PHD, University of Alberta, Edmonton, AB, Canada, 2006 Verhulst, Bradley, Clinical Assistant Professor College of Medicine PHD, Stony Brook University, 2010 Verhulst, Shaunna, Clinical Assistant Professor College of Medicine PHD, University of California at Los Angeles, 2010 Waer, Amy, Clinical Professor College of Medicine MD, University of Arizona, 1992 Wakefield, Karen J, Instructional Assistant Professor College of Medicine PHD, Texas A&M University, 2014 Wang, Fen, Professor College of Medicine PHD, Clarkson University, 1994 Wang, Hongbin, Professor College of Medicine PHD, Ohio State University, 1998 Wang, Jun, Assistant Professor College of Medicine PHD, Shanghai Institutes for Biological Sciences, 1999 Watson, Patricia K, Instructional Assistant Professor College of Medicine MD, Texas A&M University, 1981 Watson, Robert O, Assistant Professor College of Medicine PHD, Yale University, 2006 Wells, Gregg B, Associate Professor College of Medicine MD, The University of Chicago, 1989 PHD, The University of Chicago, 1987 West, Andrew P, Assistant Professor College of Medicine PHD, Yale University Graduate School of Arts and Sciences, 2011 West, Laura C, Research Assistant Professor College of Medicine PHD, Yale University, 2013 Williamson, Brandon T, Clinical Assistant Professor College of Medicine MD, Texas A&M University, 2013 Williamson, Meredith L, Clinical Assistant Professor College of Medicine PHD, Texas A&M University, 2014 Wilson, Van G, Professor College of Medicine PHD, Case Western Reserve University, 1980 Winzer-Serhan, Ursula, Associate Professor College of Medicine PHD, University of Bremen, Germany, 1989 Wu, Xin, Research Assistant Professor College of Medicine MD, Nantong Medical College, 1985 Xie, Zhigang, Research Assistant Professor College of Medicine PHD, University of Alabama at Birmingham, 2001 Xu, Yi, Associate Professor College of Medicine PHD, University of Texas Health Science Center at Houston, 1998 Yadav, Kamlesh, Instructional Assistant Professor College of Medicine PHD, New York University, 2011 Young, Keith A, Research Professor College of Medicine PHD, University of Texas, 1990 Young, Robin F, Professor College of Medicine PHD, Vanderbilt University, 1988 Zawieja, David, Regents Professor College of Medicine PHD, The Medical College of Wisconsin, 1986 Zhang, Dekai, Associate Professor College of Medicine PHD, University of Hong Kong, 1995 Zhang, Ke, Associate Professor College of Medicine PHD, Kansas State University, 2008 Zhang, Shenyuan, Associate Professor College of Medicine PHD, University of California at Irvine, 2005 Zhou, Yubin, Associate Professor College of Medicine PHD, Georgia State University, 2008 © 2022-2023 Texas A&M University College Station, Texas 77843 Web Accessibility Site Policies Webmaster Back to top Close this window Print Options Send Page to Printer Print this page. Download Page (PDF) The PDF will include all information unique to this page.