SEARCH About Brown Academics Admission Research Campus Life Information for: Current Students Faculty Staff Families Alumni Friends & Neighbors A to Z Index People Directory Social@Brown Facebook Twitter LinkedIn Google+ Computer Science About About the Department Contact Directions Partners Rooms Systems & Software Conduit News Events Blog People Our Community Faculty Staff Grad Students Ugrad Students Alums Directory Research Research Links Areas Publications Degrees Degree Programs Doctoral Masters Undergrad Programs Miscellaneous Courses Course List Schedule Sections TA Program Home > People > Directory CS Department Directory Name Office Phone Status Abbatematteo, Ben 549 PhD Student Abel, David 551 PhD Student Agarwal, Archita 423 PhD Student Agiza, Ahmed 359 PhD Student Agresti, Lori 312 3-7614 Admin. Staff Alden, Suzanne 504 3-6511 Admin. Staff Alfajardo, Jearson Masters Student Allen Cameron 549 PhD Student Alrasheed, Maha Masters Student Amjad, Ghous 423 PhD Student Ando, Megumi 421 PhD Student Areyan,Enrique 451 PhD Student Asadi, Kavosh 551 PhD Student Bach, Stephen 335 Faculty Bagaria, Akhil 243 PhD Student Bahar, Iris 449 3-1430 Faculty Baker, Ronald Masters Student Barton, Theresa 545 PhD Student Bazik, John 573 3-7624 Technical Staff Beck, Jacob Masters Student Benson, Theo 327 Faculty Berckmann, Tucker Masters Student Berkley, Adam Masters Student Bigio, Ilan 568 SPOC Billings, Kathy (Kirman) 572 3-7627 Technical Staff Binnig, Carsten Adjunct Faculty Blumberg, Roger Adjunct Faculty Boger, Samuel Masters Student Buratti, Benedetto 321 PhD Student Cai, Wanxin Masters Student Campbell, Bruce Adjunct Faculty Campos, Edward Research Staff Cataldo, Christopher Masters Student Cetintemel, Ugur 473 3-7601 Faculty Chai, Yichen Masters Student Chandiran, Pragadeesh Masters Student Charniak, Eugene 419 3-7636 Faculty Chen, Haili Masters Student Chen, Peng Masters Student Chen, Qiuxuan Masters Student Cho, Gregory Masters Student Choe, Jiwon B&H PhD Student Chu, Junchi Masters Student Clarke, Lauren 469 3-7655 Admin. Staff Cohen, Loudon Masters Student Correia, Kate 471 3-7602 Admin. Staff Corsaro, Matthew 551 PhD Student Cousins, Cyrus 321 PhD Student Dai, Omer Masters Student Dai, Weike Masters Student Danas, Natasha 527 PhD Student Dang, Maulik Masters Student Daskalova, Nediyana 247A PhD Student deGouveia, Genie 482 3-7600 Admin. Staff DeMarinis, Nick 453 PhD Student Deshpande, Apoorvaa 421 PhD Student DeStefani, Lorenzo 321 PhD Student Dhar, Rashi Masters Student Ding, Ke Masters Student Dobler, Laura 221 3-7611 Admin. Staff Doeppner, Tom 405 3-7633 Faculty Dolati, Erfan 345 PhD Student Dong, Jingyan Masters Student Donzelli, Andy Masters Student Dursan, Kayhan 345 PhD Student Ebert, Dylan 425 PhD Student Edgar, Tim Eichmann, Philip 427 PhD Student Engel, Daniel 361 PhD Student Erdemgil, Esen Masters Student Esfandiarpoor, Reza 359 PhD Student Espíritu, Zachary 568 SPOC Felzenswalb, Pedro 3-1531 Faculty Feng, Zeling Masters Student Fisler, Kathi 309 3-7607 Faculty Fonseca, Rodrigo 329 3-6533 Faculty Forde, Jessica 315 PhD Student Freedman, Linn Faculty Gaidis, Alexander Masters Student Gao, Yuan Masters Student George, Marilyn 421 PhD Student Goel, Purvi Masters Student Goktas, Denizalp 311 PhD Student Gong, Qiran Masters Student Greenwald, Amy 383 3-7678 Faculty Gupta, Vipul Masters Student Haas, Peter SciLi 3-7659 Research Staff Han, Shiyi Masters Student Hays, James Adjunct Faculty Herlihy, Maurice 341 3-7646 Faculty Hiziroglu, Berkan Masters Student Hoefer, Gabriela Masters Student Honda, Fumi Masters Student Horvitz, Zachary Masters Student Hota, Soma Masters Student Hu, Zhe Masters Student Hu, Zhonghui Masters Student Huang, Cong Masters Student Huang, Jeff 245 3-5808 Faculty Huang, Yan Masters Student Huang, Ziyao Masters Student Huddleston, Jarrett 568 SPOC Hughes, John 365 3-7638 Faculty Huo, Da Masters Student Hurley, Debrah Faculty Ibrahim, Abdelrahman 359 PhD Student Idrees, Ifrah 411 PhD Student Ilkhechi, Amir 315 PhD Student Istrail, Sorin 523 3-6196 Faculty Jannotti, John Adjunct Faculty Jiang, Kaiqi Masters Student Jiang, Qiao Masters Student Jiang, Yifan Masters Student Jiang, Zhuoli Masters Student Jin, Di 455 PhD Student Jinnai, Yuu 549 PhD Student Johwa, Donald 571 3-7622 Technical Staff Jones, Russell 545 PhD Student Kadioglu, Serdar Adjunct Faculty Kamara, Seny 507 Faculty Kandiraju, Venkata Masters Student Kang, Min Masters Student Kang, Siteng Masters Student Kaplan, Jennifer Masters Student Katabarwa, Abaho Masters Student Kemerlis, Vasilis 505 3-5787 Faculty Khan, Numair 553 PhD Student Kim, Seungchan Masters Student King, Kent 455 PhD Student Klein, Philip 511 3-7680 Faculty Konidaris, George 447 3-7643 Faculty Kraska, Tim Faculty Krishnamurthi, Shriram 377 3-7722 Faculty Kristo, Ani 345 PhD Student Kumar, Nishant Masters Student Kwegyir-Aggrey, Mark 311 PhD Student Lai, Zhiyuan Masters Student Laidlaw, David 521 3-7647 Faculty Laporta, Zachary Masters Student Lee, Chun Jasper 423 PhD Student Lee, Han Cheng Masters Student Lee, Jun Ki 303 PhD Student Lehnert, Lucas 315 PhD Student Lei, Yaxi Masters Student Levy, Andrew 243 PhD Student Li, Mingxuan Masters Student Li, Shiying Masters Student Li, Xiangyu Masters Student Li, Ya Masters Student Li, Yuanqi Masters Student Lim, Irvin Masters Student Lindsay,Natalie Masters Student Ling, Zihan Masters Student Littman, Michael 301 3-7634 Faculty Liu, Garnet Masters Student Liu, Hanyan Masters Student Liu, Linlin Masters Student Liu, Xinbei Masters Student Liu, Xinyu 425 PhD Student Liu, Yangi 451 PhD Student Liu, Yuting Masters Student Lobel, Sam 243 PhD Student Long, Ziyang Masters Student Loukidi-Papanikoli, Maria 455 PhD Student Lovering, Charles J. 425 PhD Student Lu, Qingyi Masters Student Lu, Zhoutao Masters Student Luckett, Connor 345 PhD Student Ludmir, Jason Masters Student Lysyanskaya, Anna 501 3-7605 Faculty Ma, Jingxiao Masters Student Ma, Ziyin Masters Student Mahajan, Akshat Masters Student Manekofsky, Lisa 458 3-7654 Admin. Staff Markatou, Evangelia 411 PhD Student Markovitch, Michael 339 PhD Student Massachi, Talie 247A PhD Student Mazzetto, Alessio 361 PhD Student McAvoy, Matthew Masters Student McGrath, Mary Masters Student McIlmail, Jane 467 3-7603 Admin. Staff Meier, Barbara 401 3-6044 Faculty Moataz, Tarik Visitor Moo Penn, Troy Masters Student Murtaza, Ghulam 339 PhD Student Nacar, Benjamin 570 3-7621 Technical Staff Narain Akshar Masters Student Nathan, Sean Masters Student Naseer, Usama 339 PhD Student Nayak, Nihal 351 PhD Student Nelson, Tim 355 Faculty Nguyen, Thao 509 PhD Student Novotny, Johannes 509 PhD Student Oyakawa, Takehiro 451 PhD Student Palazzi, Bernardo Adjunct Faculty Pan, Yiming Masters Student Park, Andrew Masters Student Patel, Roma 527 PhD Student Pavlick, Ellie 333 Faculty Peang, Phirum 566 3-7699 Technical Staff Pendse, Ravi Adjunct Faculty Peng, Xiping Masters Student Penn, Troy Moo Masters Student Peterson, Nancy 460 3-7671 Admin. Staff Pfenning, Nancy Research Staff Polhemus, Jesse 347 3-6060 Admin. Staff Poole, Jennifer Research Staff Potter, Dan SciLi Adjunct Faculty Preparata, Franco Faculty Qian, Jing 247A PhD Student Qian, Ying Masters Student Qin, Ziyuan (Lucy) 423 PhD Student Quinonez, Elena 343 3-7610 Admin. Staff Raisi, Elaheh 409 Postdoc Raphael, Ben Adjunct Faculty Reed, Dawn 470 3-7612 Admin. Staff Reiss, Steve 403 3-7641 Faculty Ren, Yanyan 357 PhD Student Riondato, Matteo Visitor Ritchie, Daniel 445 Faculty Rodrigues, Matthew Masters Student Rolfe, James Masters Student Rosen, Eric A. 411 PhD Student Roy, Josh Masters Student Saarinen, Sam 315 PhD Student Salman, Saim 339 PhD Student Sanchez, Rafael 243 PhD Student Satas, Gryte PhD Student Savage, John 503 3-7642 Faculty Schanzer, Emmanuel Research Staff Scholl, Kathryn Masters Student Schwarzkopf, Malte 525 Faculty Sgouros, Tom Adjunct Faculty Shah, Aansh Masters Student Shao, Lu Masters Student Sharma, Ankita Masters Student Simpson, Rosemary 468 Research Staff Singh, Ritambhara CCMB 313 3-9925 Faculty Sinh, Shashwat Masters Student Sitaram, Dorai Research Staff Slivinski, Matthew Masters Student Smith, David Masters Student Smith, Nicholas Masters Student Snower, Michael Masters Student Solleza, Franco 345 PhD Student Soltani, Amir-Arsalan 351 PhD Student Spiegelberg, Leonhard 345 PhD Student Srinivasan, Naveen Masters Student Stanford, Don 223 3-6066 Adjunct Faculty Sudderth, Erik Adjunct Faculty Sumigray, Austin Masters Student Sun, Chihao Masters Student Sun, Yue Masters Student Sunkara, Veda Masters Student Tamassia, Roberto 413 Faculty Tan, Brandon Masters Student Tang, Bingjie Masters Student Tang, Xiaoting Masters Student Tazhibayev, Ayan Masters Student Tellex, Stefanie 375 3-6898 Faculty Teng, Changmin Masters Student Thamizharasan, Vikas Masters Student Tiwari, Saker 243 PhD Student Tompkin, James 547 Faculty Traylor, Aaron 425 PhD Student Trimbach, Carl 303 PhD Student Tu, Shuo Masters Student Tursman, Eleanor 553 PhD Student Uildriks, Martin Masters Student Upfal, Eli 319 3-7645 Faculty Usas, Alan Adjunct Faculty Valiant, Paul 379 3-7755 Faculty van Dam, Andy 465 3-7640 Faculty Varga, Alexander Masters Student Vars, Paul 575 3-7625 Technical Staff Vexler, Jon Masters Student Wallace, Shaun 567 3-5831 Technical Staff Wang, Ao Masters Student Wang, Chong Masters Student Wang, Guan 303 PhD Student Wang, He Masters Student Wang, Kai 553 PhD Student Wang, Linnan 339 PhD Student Wang, Mark Masters Student Wang, Siqi Masters Student Wang, Siyao Masters Student Wang, Thomas Masters Student Wang, Xunting Masters Student Wang, Zezhi Masters Student Wang, Zheguang Masters Student Wang, Zi Masters Student Webson, Albert 527 PhD Student Wheeler, Archer 453 PhD Student Woodard, Brandon 411 PhD Student Woos, Doug 317 Faculty Wrenn, John 357 PhD Student Wu, Changhao Masters Student Wu, Jiayang Masters Student Xiang, Qian Masters Student Xiao, Stella Masters Student Xin, Yanzhi Masters Student Xu, Jiahao Masters Student Xu, Xianghao 545 PhD Student Xue, Yingjie 411 PhD Student Yang, Fumeng 509 PhD Student Yang, Wenhao Masters Student Yang, Yang Masters Student Yang, Yuchen 339 PhD Student Yao, Yunyun Masters Student You, Wensi Masters Student Young-Ng, Meredith Masters Student Yu, Peilin 351 PhD Student Yu, Tiancan Masters Student Yu, Zihan Masters Student Yuan, Jiahao Masters Student Yuan, Yida Masters Student Zdonik, Stan 363 3-7648 Faculty Zeleznik, Bob 427 3-7653 Research Staff Zeng, Junlin Masters Student Zeng, Kaiyu 509 PhD Student Zerveas, Georgios PhD Student Zhang, Houyu Masters Student Zhang, Qian 545 PhD Student Zhang, Qiao Masters Student Zhang, Queena Masters Student Zhang, Ruochen Masters Student Zhang, Xiaodong Masters Student Zhang, Xiling Masters Student Zhang, Yang Masters Student Zhang, Yiming Masters Student Zhang, Yu Masters Student Zhang, Yutian Masters Student Zhao, Zheguang PhD Student Zheng, Kaiyu 509 PhD Student Zheng, Suchen Masters Student Zhou, Yihao Masters Student Zhu, Shunja Masters Student Zink, Sydney 527 PhD Student Zou, Dong Masters Student Computer Science at Brown University Providence, Rhode Island 02912 USA Phone: 401-863-1000 Map & Directions / Contact Us Sign In